user,target_subreddit,weight
-Bunny-,wholesomememes,1
-FalseProfessor-,memes,1
-sk4llt0r-,MemeEconomy,1
0VioletVampire0,dankmemes,1
11Indigo11,wholesomememes,1
1Rab,dankmemes,1
1fatfrog,AdviceAnimals,1
222Czar,dankmemes,1
2classy4thisw0rld,wholesomememes,1
361days,wholesomememes,1
3InchesIsAlotSheSays,wholesomememes,1
3Zkiel,memes,1
4BsButtsBoobsBlunts,memes,1
55_jumbo,dankmemes,1
666thSuprisedPikachu,dankmemes,1
7evenate9ine,AdviceAnimals,2
7thFleetTraveller,memes,1
ABrandNewNameAppears,wholesomememes,1
ALDORICCOFTW,memes,1
AN0NY_MOU5E,memes,1
AUTKai,memes,1
AVeryHeavyBurtation,wholesomememes,1
AWildEnglishman,wholesomememes,1
Acceptable-Two5692,memes,1
Accomplished-Lie2447,wholesomememes,1
Accomplished-Run5908,memes,1
AccomplishedRow6685,memes,1
AccordingMedicine129,memes,1
AccountantSeaPirate,dankmemes,1
Accurate_Barnacle_37,memes,1
Active-Horse7345,memes,1
Actual_Breadfruit_53,memes,1
AdAmazing4044,memes,1
AdHopeful3801,AdviceAnimals,1
AdRude2727,wholesomememes,2
Adderall_Rant,AdviceAnimals,1
Addictedredditor21,memes,1
AdmirablePage5766,AdviceAnimals,1
Adorable_Spell7562,memes,1
Adryanxyz,memes,1
Adventurous-Cow3596,memes,1
Adventurous-Depth984,dankmemes,1
AdventurousSir4573,wholesomememes,1
AffectionatePop05,AdviceAnimals,1
Afraid_Extension_427,memes,1
AgentSquishy,wholesomememes,1
Agent_Fluttershy,dankmemes,1
Agentbanana119,wholesomememes,1
Agnostic_Akuma,memes,1
Agreeable-Price8343,memes,1
Ahmaedi_2025_Al-Rale,memes,1
AiharaSisters,memes,1
Aj55j,memes,1
Aklensil,wholesomememes,1
Akuni69,wholesomememes,1
Albus_Lupus,memes,1
AlfalfaReal5075,memes,1
AllowMeAir,wholesomememes,1
AlludedNuance,AdviceAnimals,1
AlphonsoPSpain,memes,1
Already_Blacklisted,wholesomememes,1
Alternative_Mode9972,memes,1
Altruistic_Ad_5915,AdviceAnimals,1
AmcDarkPool,memes,1
Ammar595,wholesomememes,1
AnalphabeticPenguin,memes,1
AndrisPronis,wholesomememes,1
AngelesYT,AdviceAnimals,1
AnjWats,wholesomememes,1
AnonismsPlight,memes,1
Any_Quit_579,memes,1
Apart-Ad-9952,MemeEconomy,1
Apprehensive_Ad3731,memes,1
Apprehensive_Fig4458,wholesomememes,1
Apprehensive_Hand571,dankmemes,1
Aqn95,wholesomememes,1
Arctimon,AdviceAnimals,1
ArduennSchwartzman,memes,1
Artistic-Math7426,memes,1
Artistic_Prior_7178,memes,1
Artrock80,AdviceAnimals,1
Arzen12,wholesomememes,3
Aschentei,memes,1
Asian_Persuasion_1,memes,1
Aston1012,wholesomememes,1
Atrianie,wholesomememes,1
Au2288,AdviceAnimals,1
AuthenticInfluence,memes,1
AutoModerator,wholesomememes,4
AwesomeBro1510,wholesomememes,1
Awkward-Ad-932,wholesomememes,1
BNLforever,AdviceAnimals,1
BOGDOGMAX,memes,1
BagelBaddie26,memes,1
BakeKarasu,memes,1
Ban2u,memes,1
BartOseku,dankmemes,1
Barto10reddit,memes,1
Basith_Shinrah,wholesomememes,1
Bbwmamifreyaa,memes,1
Benderton,AdviceAnimals,1
BeneficialDog22,dankmemes,1
Big1984Brother,AdviceAnimals,1
BiggleDiggle85,memes,1
Billthepony123,memes,1
BisonBull,dankmemes,1
Bits-n-Byte,AdviceAnimals,1
BlastingSquid886,memes,1
Blue_Bird950,memes,1
Bobpool82,memes,1
Bogtear,memes,1
BohemianMade,memes,1
BoliverSlingnasty,AdviceAnimals,1
BonnalinaFuz101,memes,1
BopSupreme,dankmemes,1
BoujeeMofo,memes,1
Boy_Howdy,AdviceAnimals,1
Bozlogic,AdviceAnimals,1
BrainArson,dankmemes,1
BralessVictory,memes,1
BreadstickBaddie,memes,1
Briar__Song,memes,1
Brunoaraujoespin,memes,1
Brush_bandicoot,memes,3
BryanTheGodGamer,memes,1
Bubbly-Example-8097,AdviceAnimals,1
Budget_footeeee,MemeEconomy,1
Bufjord,memes,1
Bugaloon,wholesomememes,1
Bulky-Shopping579,AdviceAnimals,1
Business_Chip8476,AdviceAnimals,1
Button-Down-Shoes,memes,1
C418Enjoyer,memes,1
CC19_13-07,wholesomememes,1
CHG__,memes,1
CRO553R,wholesomememes,1
Cabitaa,wholesomememes,1
Calm-Positive-6908,wholesomememes,1
Candid_Awareness_522,memes,1
Candytails,AdviceAnimals,1
CapriSun87,AdviceAnimals,1
Careful_Bid_6199,memes,1
Careless-Welder6143,MemeEconomy,2
CarlShadowJung,wholesomememes,1
Carnivorous_Ape__,dankmemes,2
Casual_Deviant,wholesomememes,1
Catz_LOL-7887,wholesomememes,1
CedarWolf,AdviceAnimals,1
CervineCryptid,memes,1
ChaosDoggo,memes,1
ChaoticToxin,wholesomememes,1
Character_Pin7285,MemeEconomy,1
CheddarKnight,memes,1
ChiantiWithFavaBeans,memes,1
Child_of_the_Abyss,memes,1
ChocoMalkMix,wholesomememes,1
ChokeCharm,memes,1
ChokeMeCutely,memes,1
ChoppyRice,dankmemes,1
ChubblesMcgee103,AdviceAnimals,1
ChupaKween,memes,1
ClankingRobotCheeks,memes,1
Clbull,MemeEconomy,1
ClemDoore,wholesomememes,1
ClemTheEnt,wholesomememes,1
CleoPocky,memes,1
Clickclacktheblueguy,AdviceAnimals,1
CmdrVamuelSimes,AdviceAnimals,1
CntBlah,memes,1
CobrinoHS,wholesomememes,1
Cole3823,memes,1
Columbus43219,wholesomememes,1
ComfortableTwo80085,dankmemes,1
CommissionSilver8791,memes,1
Complex_Computer2966,memes,3
ConclusionOk7093,wholesomememes,1
Confident_Bed_4279,memes,1
Confident_Eve,memes,2
Conscious_Ad1603,wholesomememes,1
Cookieman10101,memes,1
CoolHuckleberry8224,memes,1
Coolguy6967420,memes,1
CottonCandy_Eyeballs,dankmemes,1
Cover-Material,memes,1
CpuJunky,memes,1
CrackleDMan,memes,1
Crafty_Luck_4393,AdviceAnimals,2
CredibleNonsense69,memes,1
CreepyWatson,wholesomememes,1
CrusaderCrunch,dankmemes,1
CryptographerSlow942,memes,1
Cursedbythedicegods,wholesomememes,1
D-Otto-lo,memes,1
D24061314,dankmemes,1
DJbuddahAZ,AdviceAnimals,1
DWN032,dankmemes,1
Dalferious,AdviceAnimals,1
DangerousShock9620,memes,1
DankCupOfJoe,wholesomememes,1
Dank_e_donkey,memes,1
DapperAssignment7139,wholesomememes,3
DarkBiCin,wholesomememes,1
DarkIllusionsMasks,memes,1
DasGaufre,memes,1
Daysaved,AdviceAnimals,1
Dazzling-Creme1747,MemeEconomy,1
DeathCantHaveMe__Yet,memes,1
Decent_Brush_8121,memes,1
Decent_Salmon,wholesomememes,1
DefinitelyIncorrect,AdviceAnimals,2
DeltaRendo1989,memes,1
Deluxe78,AdviceAnimals,1
Demonstratepatience,memes,1
Dense-Ambassador-865,wholesomememes,2
DepressedPancake4728,dankmemes,1
DesertReagle,wholesomememes,1
DesignNorth3690,memes,1
Designer-Ad9206,wholesomememes,1
Designer_Squirrel_26,memes,1
Desperate-Bill-3790,memes,1
DevelopmentGreen3961,AdviceAnimals,1
Devinbeatyou,memes,1
Different-One1895,dankmemes,1
Difficult-Piccolo-98,memes,1
DinoNugget-Trex,wholesomememes,1
Distamorfin,dankmemes,1
DistillateMedia,AdviceAnimals,1
Distinct_Stuff4678,AdviceAnimals,1
DistractedByDumbShit,wholesomememes,1
DoctorYamask,dankmemes,1
DominoUB,dankmemes,1
DontOvercookPasta,AdviceAnimals,1
Drakostheswordsman,memes,1
DryMouthKitty,wholesomememes,12
Duckdude50000,wholesomememes,1
Due-Trip-2822,memes,1
Dumb_Siniy,memes,1
DurableSoul,wholesomememes,1
E4g6d4bg7,dankmemes,1
ELLZNaga21,wholesomememes,1
Early-Strategy5206,dankmemes,3
Early-Strategy5206,memes,3
East-Task6083,AdviceAnimals,1
East_Rub3528,AdviceAnimals,1
Eastern_Honeydew_323,memes,1
Easy_Money_S,memes,1
EcchiOli,wholesomememes,1
Eggnimoman,memes,1
EgotisticalBastard9,dankmemes,1
EgotisticalK,dankmemes,1
EhMapleMoose,dankmemes,1
Either-Agency7160,AdviceAnimals,1
EldritchSlut,AdviceAnimals,1
Electrical-Tale-2296,memes,1
Electronic-Exit1660,memes,1
Elf_Paladin,memes,1
EmRavel,AdviceAnimals,1
EnglishMatron,AdviceAnimals,1
Enlitenkanin,AdviceAnimals,1
EpiphyticOrchid8927,AdviceAnimals,1
Equal-Pause3349,memes,1
Equivalent-Repair488,memes,1
EverydayScrolls_,memes,1
Evil_Athena,AdviceAnimals,1
Evil_suuuun,memes,2
Excellent-Signature6,memes,1
External-Release2472,AdviceAnimals,2
Extra_Significance81,memes,1
FJkookser00,dankmemes,1
FNAF1ISTHEBEST,wholesomememes,1
FNKYBoyLacksDSCPLN,memes,1
FTSalary-man,dankmemes,1
Failedmysanityroll,AdviceAnimals,1
Fake_William_Shatner,AdviceAnimals,1
FanGroundbreaking200,wholesomememes,1
Fancy-Cardiologist55,memes,1
Fancy-Lie1747,memes,1
FancyAstronaut_,wholesomememes,1
FartResume,AdviceAnimals,1
FaxCelestis,wholesomememes,1
Few_Intention_542,wholesomememes,1
FezRespect,memes,1
Final-Link-3999,dankmemes,1
Finbar9800,wholesomememes,1
Fine_Cat_9712,dankmemes,1
FirtiveFurball3,wholesomememes,1
Fit_Adagio_7668,memes,1
Flamebomb790,memes,1
Flashy-leah66,memes,1
FlemPlays,AdviceAnimals,1
Flimsy-Preparation85,memes,1
ForteEXE,AdviceAnimals,1
Fragmentia,AdviceAnimals,1
FrankSonata,wholesomememes,1
Frequent-Tennis-3539,memes,1
Fresh-Debate-9768,wholesomememes,1
FreshmanLux,memes,1
FriendlyAntonio,wholesomememes,1
Fun_Brilliant_363,memes,2
FyrelordeOmega,dankmemes,1
GGerrik,AdviceAnimals,1
GabeSter,AdviceAnimals,1
GalacticMILF420,AdviceAnimals,1
Gamertonic_YT,memes,1
Gave-Up-long-Ago,memes,1
Genderisweird_,wholesomememes,1
General_Zera,memes,1
GenericName2025,wholesomememes,1
Geoff4321,dankmemes,1
GhostoftheGreyDunes,wholesomememes,1
GillytheGreat,memes,1
Ginger-Nerd,AdviceAnimals,1
Gingeronimoooo,memes,1
Gloomy_Torture,memes,1
Goat_of_Wisdom,wholesomememes,1
GoombaBro,wholesomememes,2
GrandSpeedX,memes,1
GrandTie6,AdviceAnimals,1
GrayMech,memes,1
Greedy_Net_1803,wholesomememes,1
Gregorovyyc,memes,1
Guba_the_skunk,AdviceAnimals,1
GumHugz,memes,1
GumQueeen,memes,1
GumSnuuggles,memes,1
GustavoFromAsdf,memes,1
Gvatagvmloa,memes,1
H3LLGHa5T,memes,1
Haildrop,memes,1
HamsterKey8383,memes,1
HannahDoesNotExist,AdviceAnimals,1
HanzoNumbahOneFan,dankmemes,1
Hefty_Employment9896,memes,1
Hermiona1,wholesomememes,1
Hikaru1024,memes,1
HisSilly,wholesomememes,1
Horror-Layer-8178,AdviceAnimals,3
Hot4Teacher1234,memes,1
Hot_cherryyy,memes,1
HubrisOfApollo,dankmemes,1
HubrisOfApollo,memes,1
Huge_Music,dankmemes,1
Human_Hedgehog_2302,wholesomememes,1
I-Kant-Even,wholesomememes,1
IButterz420,MemeEconomy,1
IHeartBadCode,AdviceAnimals,1
IPanicKnife,memes,1
I_assist,wholesomememes,1
IanAlvord,memes,1
Icy-Illustrator-3872,memes,1
Icy-Needleworker-492,AdviceAnimals,1
Icy-Swordfish7784,memes,1
IdeaFixGame,wholesomememes,1
Idkman0223,memes,2
Ilikegreenteatoo,wholesomememes,1
Ill-Theory-8909,memes,1
IlluminX0,memes,1
IllustriousYear3332,AdviceAnimals,2
Im_probably_naked,wholesomememes,1
Imascientistdammit,memes,1
Imdavidmorris,memes,1
Immortalphoenixfire,dankmemes,1
Impossible-Try-9489,wholesomememes,1
InconstitutionalMap,wholesomememes,1
Independent-Boss-289,MemeEconomy,1
Independent-Job-7533,memes,1
Independent_Ideal570,memes,1
InfamousSilver9,wholesomememes,1
Insaiyan26,memes,1
International-Cat123,wholesomememes,1
InternationalTie9237,AdviceAnimals,1
Intrcr,memes,1
Issah_Wywin,AdviceAnimals,1
ItalianPepe,dankmemes,1
ItsExoticChaos,wholesomememes,1
ItsMarioTheMythical,wholesomememes,1
ItsZoner,memes,2
Iyellkhan,AdviceAnimals,1
IzumiiOwl,memes,1
J-Dahm,wholesomememes,1
JBGR111,wholesomememes,1
JKM_A_K,wholesomememes,1
JSteigs,AdviceAnimals,1
JZebs,AdviceAnimals,1
Jacksaur,wholesomememes,1
Jacobelemauve,dankmemes,1
Jakeforry,wholesomememes,1
JakyGuard_Solflare,memes,1
JamesMCC17,memes,1
JanuszBiznesu96,memes,1
Javontarious,wholesomememes,1
JayNotAtAll,AdviceAnimals,1
Jealous-Gap6214,memes,1
Jeansybaby,AdviceAnimals,1
Jellodyne,AdviceAnimals,1
JimKB,wholesomememes,1
Jiminyfingers,AdviceAnimals,1
Jindo5,memes,1
JoeDaddyZZZ,AdviceAnimals,1
JohnnyRelentless,wholesomememes,1
Jolly_Ad2446,AdviceAnimals,2
Jonn_1,wholesomememes,1
JudgeShronks,wholesomememes,1
Juff-Ma,memes,1
Junior_Moose_9655,AdviceAnimals,1
Junior_Watercress_66,wholesomememes,2
Junkstar,AdviceAnimals,1
Just-J0k1ng,dankmemes,1
JustAnotherPoopDick,memes,1
Jvfzago,memes,1
KUweatherman,AdviceAnimals,1
Kakhovsky,memes,1
Kamzil118,wholesomememes,1
Karma_Gardener,AdviceAnimals,1
Karmallamah,wholesomememes,1
KatokaMika,memes,1
Kazz330,AdviceAnimals,2
Key-Poem9734,memes,1
KeywordKriminal,memes,1
Kierik,AdviceAnimals,1
KikuoFan69,memes,1
King_Gojiller,memes,1
Kobe_Wan_Jabroni,dankmemes,1
KrasnyHerman,memes,1
Krepitis,memes,1
KrisKallsIt,wholesomememes,1
Kristafuh_Moltisanti,dankmemes,1
LITTCAM15,AdviceAnimals,1
LTsCantCook,wholesomememes,1
Lancelot---,memes,1
LaprasRuler,wholesomememes,1
LardBall13,memes,1
LavenderBabble,AdviceAnimals,4
Lawn_Chubby,wholesomememes,1
LelouchL88,memes,1
Life-Bass-2013,memes,2
LightsOfTheCity,wholesomememes,1
LilMissBarbie,memes,1
LinearFluid,AdviceAnimals,1
LiterallyNoNamesFree,wholesomememes,1
LittleRasp,wholesomememes,1
Livid_Competition_32,memes,1
Livid_Station_5996,dankmemes,1
Loki-L,AdviceAnimals,1
LolOverHere,memes,1
LollisGunsBikesTits,dankmemes,1
LoneWolf_2179,wholesomememes,1
LongEyedSneakerhead,memes,1
Long_Freedom-,wholesomememes,1
Long_comment_san,memes,2
Loose-Professor5364,wholesomememes,1
Lopsided-Cattle-2322,memes,1
LordAditya69,memes,1
Lorelei-Mimi91,memes,1
Loud-Mood-7028,AdviceAnimals,1
Louilouis5,dankmemes,1
LouisLima,wholesomememes,1
Low_Alarm2538,memes,1
Lrgdustbunnybreeder,AdviceAnimals,1
Luciannight21,wholesomememes,1
LurkerFromTheVoid,AdviceAnimals,1
LurkinLunk,wholesomememes,1
Lustfulfav,AdviceAnimals,1
LuvGoddess_,memes,1
Lxzdbxy,memes,1
M4K0S,memes,1
MCSquaredBoi,dankmemes,1
MCSquaredBoi,wholesomememes,1
MC_Mooch,AdviceAnimals,1
Magic-for-Sale,AdviceAnimals,1
MagicPigeonToes,AdviceAnimals,1
Magniras,AdviceAnimals,1
MagnumbyZoolanderTM,wholesomememes,1
MahmoudAO,dankmemes,1
MahmoudAO,memes,1
Mainely420Gaming,AdviceAnimals,1
Mainely420Gaming,memes,1
Major-Malarkey,wholesomememes,2
Maleficent-War-8429,memes,1
Marginal-Gainz-365,memes,1
MarkXIX,AdviceAnimals,1
MastaKink,memes,1
MatchLock__,memes,1
Mathew1979,memes,1
Mattarias,wholesomememes,1
MaybeASentientRobot,dankmemes,1
MaybeNotTooDay,dankmemes,1
MeBollasDellero,dankmemes,1
MeBollasDellero,memes,1
Megalordow,memes,2
MeganLuxy,AdviceAnimals,2
MeganLuxy,wholesomememes,1
MessageBeginning5757,wholesomememes,1
MetalDragon6666,AdviceAnimals,1
Midnight28Rider,memes,1
MidnightToker858,memes,1
MikMay99,dankmemes,1
Mindboomerbro,memes,1
Minimum_Tiger1789,AdviceAnimals,1
Miserable-Grape-6863,wholesomememes,1
Mission-Storm-4375,memes,1
MontbarsExterminator,memes,1
MoonMissionary69,MemeEconomy,1
Mostest_Importantest,wholesomememes,1
Moto-Guy,MemeEconomy,1
Mozar305,dankmemes,1
MrCheeks1978,memes,1
MrChocolateHazenut,dankmemes,1
MrG1itc4,memes,1
MrIrvGotTea,dankmemes,1
MrSnowden,AdviceAnimals,1
Mr_TreeBeard,AdviceAnimals,1
Msbossyboots,AdviceAnimals,1
Mulliganasty,memes,1
Munestone,dankmemes,1
MurkyWay,wholesomememes,1
MyCatIsAnActualNinja,memes,1
MyClothesWereInThere,dankmemes,1
Mysterious_Patient80,memes,1
MyvaJynaherz,dankmemes,1
NOOBFUNK,wholesomememes,1
NOT_MEEHAN,AdviceAnimals,1
Nacho6942069,memes,1
NapoleonDynamite82,AdviceAnimals,1
Nasekima,MemeEconomy,1
Natural_Aura,wholesomememes,1
Naturally_Fragrant,dankmemes,1
Nearby_Professor_747,memes,1
Neffle619,AdviceAnimals,1
Nemisis_007,memes,1
NeoIsJohnWick,dankmemes,1
NerdBudiezV1,dankmemes,1
Nerdiburdi,wholesomememes,1
NerfPandas,AdviceAnimals,1
Nerioner,dankmemes,1
Niar666,wholesomememes,1
Niceromancer,AdviceAnimals,1
Night_-_shade,wholesomememes,1
Nika13k,memes,1
Niki2002j,memes,1
No-Candidate6316,memes,1
No-Claim-9560,memes,1
No-Good-One-Shoe,AdviceAnimals,1
No-Picture-4940,wholesomememes,1
No-Wonder1139,memes,1
NoMind5469,wholesomememes,1
NoNotice2137,wholesomememes,1
No_Amphibian4437,AdviceAnimals,1
No_Application_1219,memes,1
None,AdviceAnimals,10
None,MemeEconomy,1
None,dankmemes,1
None,memes,6
None,wholesomememes,9
Normal_Finance4358,wholesomememes,1
Nostalgic-Banter,wholesomememes,2
NotSeveralBadgers,dankmemes,1
Not_Really_French,wholesomememes,1
Numerous-Cow-1918,AdviceAnimals,1
Nyctfall,dankmemes,1
Obnomus,dankmemes,1
Odd_Remove4228,memes,1
Oddcid,AdviceAnimals,1
Ok-Fondant2536,memes,1
Ok-Relative-921,memes,1
Ok-Sheepherder-5652,MemeEconomy,1
Ok-Sheepherder-5652,memes,1
Ok_Place_2551,AdviceAnimals,1
Ok_Stretch_4545,dankmemes,1
Olama,dankmemes,1
Oliveritaly,AdviceAnimals,1
Olphegae,dankmemes,1
Omeirawana,memes,1
Omoikane_One,memes,1
OneMadChihuahua,AdviceAnimals,1
OneWingAngel35,wholesomememes,1
One_Spite9791,MemeEconomy,1
Only_texts,memes,1
OperationWooden,memes,2
Otherwise_Whereas369,memes,1
OtterwiseX,wholesomememes,1
Overall_Law_1813,dankmemes,1
Own-Hedgehog7825,memes,1
Own_Warning_8436,memes,1
PacoCrazyfoot,MemeEconomy,1
Pale-and-Willing,AdviceAnimals,1
PancreaticDefect,AdviceAnimals,1
Particular-Long-3849,memes,1
Particular_Drag_9473,AdviceAnimals,1
PartridgeViolence,wholesomememes,1
Party-Career-3377,memes,1
Party-Meeting-6266,AdviceAnimals,1
Party-Train,dankmemes,1
PayPsychological6358,memes,1
Pearl-of-Jaiyan,wholesomememes,1
Pen_Front,wholesomememes,1
Pete_Delete,AdviceAnimals,1
Pictoru,AdviceAnimals,1
Piemaster113,AdviceAnimals,1
Pipirevka,wholesomememes,1
Pitiful_Contract7335,memes,1
PlanetoftheAtheists,AdviceAnimals,1
Plastic_Love_2935,AdviceAnimals,1
PointandCluck,memes,1
PokeChampMarx,memes,2
PooInTheStreet,dankmemes,1
Porsher12345,dankmemes,1
Positive_Conflict_26,memes,1
PotatoPrings,wholesomememes,1
Pottski,AdviceAnimals,1
PrimaryCoach861,memes,1
Primus_is_OK_I_guess,memes,1
Prince-Angel-Wing,wholesomememes,2
PristineMinute4206,AdviceAnimals,1
Professional_Ant9993,memes,1
PromptBro111,memes,1
PtitFlopi,wholesomememes,1
Public_Assistant1566,memes,1
PuertoRicanRebel2025,AdviceAnimals,1
PuppyCocktheFirst,AdviceAnimals,1
Putsomesunglasseson,wholesomememes,1
Puzzlepeep,AdviceAnimals,1
QIexpert,wholesomememes,1
QuantumlyCurious,AdviceAnimals,1
R2DK3PO,AdviceAnimals,1
Rabbitpyth,memes,1
RadlogLutar,wholesomememes,1
Raj_Valiant3011,memes,2
RayAP19,memes,1
RayNooze,memes,1
Razor265,memes,1
RealQ13,AdviceAnimals,1
Reasonable-Ninja4384,dankmemes,1
RedditB41,memes,2
RednevaL,AdviceAnimals,1
Regular-Appeal5392,dankmemes,1
Rekdon,AdviceAnimals,1
ResilentPotato,memes,1
Retr0o_-,memes,1
RevWaldo,memes,1
RichEvans4Ever,dankmemes,1
Ricochet_skin,memes,1
RipErRiley,AdviceAnimals,1
Riyeko,wholesomememes,1
Robert_Grave,memes,1
RockyMonster0,memes,1
Roderick111,AdviceAnimals,1
RodjaJP,memes,1
Ronbonbeno,AdviceAnimals,1
RoundTwoLife,memes,1
Royal-Doggie,wholesomememes,1
RoyalsHatGuy,memes,1
Running_Dumb,AdviceAnimals,1
Russian_Spy_7_5_0,dankmemes,1
RustleThemJimmiez,dankmemes,2
RustleThemJimmiez,memes,1
Rynvael,AdviceAnimals,1
Sad-Will5505,memes,1
SadStickboy,MemeEconomy,1
Safewordharder,AdviceAnimals,1
SageLeaf1,memes,1
Sandalwoodincencebur,memes,1
Sapphic_Starlight,wholesomememes,1
Saturated_Donut,wholesomememes,1
Savings_Primary_7097,AdviceAnimals,1
Scarfs-smileysword,wholesomememes,1
Scary_Dot6604,AdviceAnimals,1
Scarytoaster1809,wholesomememes,1
ScholarOfYith,memes,1
Sea_Acanthisitta_855,wholesomememes,1
Sea_Movie6301,wholesomememes,1
Searchingforgoodnews,memes,1
Sebizaurus-Seby-33,wholesomememes,1
SelenaCharming168,memes,1
Sendittomenow,dankmemes,1
Sensitive-Fuel4656,wholesomememes,1
Sensitive-Ticket7449,dankmemes,1
Sensitive_Acadia_199,memes,1
Sentient-Orange,memes,2
SeparateDeer3760,memes,1
SerenityDreamz869,wholesomememes,1
Serpicnate,dankmemes,1
Several_Plane4757,wholesomememes,1
SgtKastoR,memes,1
SgtMarkJohnson,memes,1
Shadow_Freeman,dankmemes,1
ShadowsRanger,memes,1
ShigeruAoyama,wholesomememes,1
Shitfaced-koalabear,wholesomememes,1
Shitty_Fat-tits,AdviceAnimals,1
Shortymac09,AdviceAnimals,1
Shotgun2006,wholesomememes,1
ShroomsHealYourSoul,wholesomememes,1
SigFloyd,AdviceAnimals,1
Significant-Royal-37,AdviceAnimals,1
Silent-Carob-8937,wholesomememes,1
Sindrathion,MemeEconomy,1
Single-Internet-9954,memes,1
Sir-Theordorethe-5th,dankmemes,1
Sir_Hammy_02,wholesomememes,1
Skidmarkthe3rd,AdviceAnimals,1
Skippittydo,AdviceAnimals,1
Skull_Cup,wholesomememes,1
Slight-Coat17,wholesomememes,1
Slow_Fish2601,AdviceAnimals,1
Slow_Fish2601,memes,1
Smg54_screams,wholesomememes,1
SnooMemesjellies2295,memes,1
SnooPeanuts8048,wholesomememes,1
SojuSeed,memes,1
Solinvictusbc,AdviceAnimals,1
Sophisticated-Crow,AdviceAnimals,1
Sora-Solflare,memes,1
Soram16,wholesomememes,1
SorryIreddit,AdviceAnimals,1
Sorryaboutthattt,wholesomememes,1
Soujf,wholesomememes,1
Sp3ctralForce,memes,1
Space_Cowfolk,memes,1
SpeakyDooman,memes,1
Speedemon42069,wholesomememes,1
Spicy-hot_Ramen,memes,1
Spinnenente,memes,1
Spirited_Childhood34,AdviceAnimals,1
Spookyscythe99,memes,1
Spookyscythe99,wholesomememes,2
Squishymallow_Pink,wholesomememes,1
SryInternet101,AdviceAnimals,1
SsooooOriginal,AdviceAnimals,1
StackThePads33,memes,2
StandardN02b,dankmemes,1
Stang_21,memes,1
StaticMix,wholesomememes,1
Status-Neck7513,memes,1
Stellar-Existance-24,memes,1
Stepaciej,memes,1
Stone0777,dankmemes,1
Striking_Reindeer_2k,memes,1
StrutTheEmo27,memes,1
StrykLab,memes,1
StupidMario64,dankmemes,1
Sub_To_Mattrose,wholesomememes,1
Such_Egg9843,AdviceAnimals,1
SuperNerdAce,wholesomememes,1
SuperSaiyanRickk,wholesomememes,2
Suspicious_Reporter4,memes,1
Sweet-Border-7662,wholesomememes,1
Syphillisdiller1,AdviceAnimals,1
Syrup-Knight,wholesomememes,1
Szerepjatekos,memes,1
T1Pimp,AdviceAnimals,1
TAHACHAOUI12,memes,1
TTrainBR,wholesomememes,1
TaffyWhiskers,memes,1
Taphouselimbo,AdviceAnimals,1
TaxPsychological2928,dankmemes,4
Teatimefrog,memes,1
Technical-Outside408,dankmemes,1
TechnoQuickie,memes,1
Tentacle_poxsicle,dankmemes,1
Tentacle_poxsicle,memes,1
ThEhIsO8730,dankmemes,1
ThatBoiUnknown,memes,1
ThawingAsh004724,memes,1
TheBastard420,memes,1
TheCaosChosen,memes,1
TheDarkLordScaryman,wholesomememes,1
TheDeeken,MemeEconomy,5
TheDivineRat_,wholesomememes,1
TheFleebus,AdviceAnimals,1
TheFrenchEmperor,wholesomememes,1
TheGaussianMan,AdviceAnimals,1
TheManTMr,wholesomememes,1
ThePainTrainWarrior,wholesomememes,1
TheZipperDragon,memes,1
The_Arcane_Moth,dankmemes,1
The_Friendly_Fable,wholesomememes,2
The_Green-One,memes,1
The_Holy_Turnip,memes,1
The_MattBat999,wholesomememes,1
The_Safe_For_Work,memes,1
The_True_Mastermind,wholesomememes,1
Think-Difficulty7596,wholesomememes,2
Thoracic_Snark,AdviceAnimals,1
Thornescape,wholesomememes,1
Thundersson1978,AdviceAnimals,1
Timely_Can_3787,AdviceAnimals,1
Titanusgamer,memes,1
Tmon_of_QonoS,AdviceAnimals,1
ToKrillAMockingbird,dankmemes,1
Tom_F64,memes,1
Tom_the_Fudgepacker,memes,1
Totally_lost98,dankmemes,1
Traditional_Travesty,wholesomememes,1
Tristanime,memes,1
TrueProtection,dankmemes,1
Tsu_Dho_Namh,wholesomememes,1
TucsonKhan,memes,1
Tuit2257608,memes,1
TunaThePanda,wholesomememes,1
TylerMemeDreamBoi,memes,1
Tyrrox,AdviceAnimals,1
UILuigu,MemeEconomy,1
UltralordCherryTop,wholesomememes,1
Uncertain_Ty,wholesomememes,1
Unlucky-Leave-3726,memes,1
UpOrDownItsUpToYou,wholesomememes,1
Upstairs-Yak-5474,memes,1
Urasquirrel,memes,1
UsernamesAre4Nerds,wholesomememes,1
Useuless,memes,1
UshouldknowR,memes,1
UsingACarrotAsAStick,AdviceAnimals,1
ValuableDentist1976,memes,1
Vectorman1989,dankmemes,1
VegaBruja81,wholesomememes,1
Veronica_Spars,AdviceAnimals,1
VeterinarianAway3112,wholesomememes,2
Viiris,memes,1
VikingMonkey123,AdviceAnimals,1
Vindheim,wholesomememes,1
Vivi_Animates,wholesomememes,1
Vixen_Doll_,memes,1
VonWiggle,wholesomememes,1
WaffleTheLittleFox,wholesomememes,1
Wallmassage,wholesomememes,1
Warm_Pickle_3599,memes,1
WastedEvery2ndDime,memes,1
WatRedditHathWrought,AdviceAnimals,1
Weak-Differences,memes,1
WebMaka,AdviceAnimals,1
WestMongolBestMongol,memes,1
WhitestMikeUKnow,wholesomememes,1
Who_said_that_,dankmemes,1
William_Joyce,dankmemes,1
WindpowerGuy,wholesomememes,1
Wingo5315,memes,1
Winter-Weird6080,wholesomememes,1
Wise-Key-3442,memes,1
WiseSilverWolf,dankmemes,1
Wiseedis,wholesomememes,1
Work_Account89,memes,1
WorldlinessWitty2177,wholesomememes,1
Wrong-Imagination-73,memes,1
XC_Griff,memes,1
XI-RE,dankmemes,1
XO_NUDE_BREEZE,memes,1
XiND3R,dankmemes,1
XxKTtheLegendxX,memes,1
XxOniSamuraixX,wholesomememes,1
YEPC___,memes,1
Yasna10,AdviceAnimals,1
Yeehaw_Kat,wholesomememes,1
Yellow-RubberDuck,memes,1
YiffMeister2,wholesomememes,1
YippeeCalles,wholesomememes,1
YouDoHaveValue,dankmemes,1
YoursTrulyHuntty,wholesomememes,1
Zanos-Ixshlae,AdviceAnimals,1
ZanthrinGamer,AdviceAnimals,1
ZealousidealChain473,dankmemes,1
Zealousideal_Pay7176,wholesomememes,1
Zebralord23,wholesomememes,1
ZenBreaking,AdviceAnimals,1
ZenMonkey48,AdviceAnimals,1
ZeroDashAsterisk,memes,1
Zestyclose-Dog-3398,memes,1
Zinth789,wholesomememes,1
Zonie1069,wholesomememes,1
_AR4902,memes,1
_Cecille,wholesomememes,1
_Empty-R_,memes,1
_Vard_,dankmemes,1
__Obscure__,wholesomememes,1
_that_idi0t_,wholesomememes,1
_winterFOSS,memes,1
a57782,memes,1
aap71,wholesomememes,1
acidporkbuns,memes,1
actuallyaredditor,memes,1
adagor234,wholesomememes,2
aecolley,wholesomememes,1
al-o-o-paratha,memes,1
aliciah25,AdviceAnimals,1
all_is_okay,dankmemes,1
alliedeluxe,AdviceAnimals,1
alyaqd95,memes,1
amocto,memes,1
andrybak,wholesomememes,1
anfumann,memes,1
anonuemus,AdviceAnimals,1
ans_huuxv,memes,1
ants_n_pants,wholesomememes,1
anxious_stoic,memes,1
anynomousperson123,wholesomememes,1
aplive6,wholesomememes,1
arnoldee002,wholesomememes,2
asd9fiawe9fiwe,MemeEconomy,1
aspect-of-the-badger,memes,1
asphaltdragon,wholesomememes,1
atreeismissing,AdviceAnimals,1
audhdmoth,wholesomememes,1
auntie_eggma,AdviceAnimals,1
autisticalpookie,MemeEconomy,1
avenlux44,dankmemes,1
awkone,memes,1
azrael5298,AdviceAnimals,1
azuranc,dankmemes,1
ballistic_fibrosis,memes,1
ballzsweat,AdviceAnimals,1
bam3214,dankmemes,1
bandwaggoneer,AdviceAnimals,1
bawbthebawb,dankmemes,1
bedwars_player,memes,1
bethatguy7,wholesomememes,1
big_guyforyou,dankmemes,1
bigthunder_81,AdviceAnimals,1
binglybleep,wholesomememes,1
blaaaaaarghhh,wholesomememes,1
blablargon,wholesomememes,1
bluebearypancake,AdviceAnimals,1
bogglingsnog,memes,1
bondjimbond,wholesomememes,1
brager1990,wholesomememes,1
braidsofviking,memes,1
brian1x1x,memes,1
bromancebladesmith,wholesomememes,1
calich29,wholesomememes,1
casskazenzakis,AdviceAnimals,1
catman2021,AdviceAnimals,1
cdin0303,AdviceAnimals,1
chaddict,AdviceAnimals,1
chapinscott32,MemeEconomy,1
cheesebot555,AdviceAnimals,1
chelkell8589,memes,1
chudbabies,memes,1
chunksofbunions,AdviceAnimals,1
cire1184,AdviceAnimals,1
citramonk,memes,1
clevermoose774,AdviceAnimals,1
clutzyninja,dankmemes,1
cmitchell_bulldog,memes,1
corpolarclegg3,wholesomememes,1
cors8,AdviceAnimals,1
creatorset,MemeEconomy,6
criticalpwnage,memes,1
csvega84,AdviceAnimals,1
cthulhu944,AdviceAnimals,1
curious94sarah,memes,1
cwx149,memes,1
dam072000,AdviceAnimals,1
damidmide,memes,1
dandroid126,wholesomememes,1
dangeroustiger,AdviceAnimals,1
danielstover,AdviceAnimals,1
dapharaoh,AdviceAnimals,1
dappermanV-88,memes,1
darkreapertv,AdviceAnimals,1
darkwulf1,memes,3
dasmineman,memes,2
davidcwilliams,AdviceAnimals,1
dawatzerz,dankmemes,1
dbzgod9,wholesomememes,1
delirium_red,AdviceAnimals,1
demon_bhaiya,memes,1
desertvision,memes,1
detroitvelvetslim,AdviceAnimals,1
dgdio,AdviceAnimals,1
dionymnia,AdviceAnimals,1
dirtopi,memes,1
discoduck007,AdviceAnimals,1
distorted_kiwi,AdviceAnimals,1
dmpooo,wholesomememes,1
doctor_lobo,AdviceAnimals,1
dogmeat12358,AdviceAnimals,1
dolly241,wholesomememes,1
down4things,AdviceAnimals,1
dragondiaper,dankmemes,1
dramaticfool,wholesomememes,1
draxfap9,memes,1
dtb1987,AdviceAnimals,1
dylannekt,memes,1
easypake,wholesomememes,1
ecafyelims,AdviceAnimals,1
echetus90,dankmemes,1
emptyvesselll,AdviceAnimals,1
emzyyx,wholesomememes,1
equality4everyonenow,dankmemes,1
esquire_the_ego,wholesomememes,1
everything_is_bad,AdviceAnimals,1
explosive_potatoes22,memes,1
extistentialcrises,wholesomememes,1
fenianmessi,wholesomememes,1
firebert85,AdviceAnimals,1
floppymuc,memes,1
flyingfox227,memes,1
fntastikr,wholesomememes,1
foldingcouch,AdviceAnimals,1
forlostuvaworl,wholesomememes,1
fpsgamer230,memes,1
freakmeout123,memes,1
frienderella,memes,1
frommethodtomadness,AdviceAnimals,1
frosty_goblin,wholesomememes,1
fuvvad,wholesomememes,1
gagnatron5000,wholesomememes,1
garyclarke0,wholesomememes,3
geoantho,MemeEconomy,1
gihkal,MemeEconomy,1
gloop524,memes,1
gofigure85,memes,1
gofishx,AdviceAnimals,1
gooblefrump,AdviceAnimals,1
goodfisher88,wholesomememes,2
gothism,AdviceAnimals,1
gr1mm5d0tt1,memes,1
gracki1,memes,1
grad1939,AdviceAnimals,2
greeneggs_and_hamlet,AdviceAnimals,3
grogger132,wholesomememes,1
growingnom,AdviceAnimals,1
hammer_ZEIT,wholesomememes,1
harem_king69,dankmemes,1
hear_the_thunder,AdviceAnimals,1
herobrineharry,AdviceAnimals,1
heroxoot,memes,1
hinklefinkledinkledo,AdviceAnimals,1
hootieq,AdviceAnimals,1
hydrobrandone,AdviceAnimals,1
iFred97,memes,1
iamawesome125,AdviceAnimals,1
iamiam123,memes,1
iammcluffy,memes,1
iashmei,MemeEconomy,1
icebrew53,dankmemes,1
imaginingdragonx,wholesomememes,1
incompetentflagella,wholesomememes,2
inertiatic_espn,wholesomememes,1
invisibleboogerboy,dankmemes,1
iregret_this_already,wholesomememes,1
iron-button,memes,1
issyyytemp,memes,1
ivar-the-bonefull,dankmemes,1
ivyta76,memes,1
j0be,AdviceAnimals,1
j0j0b0y,AdviceAnimals,1
jakubbog,wholesomememes,1
jamesh08,AdviceAnimals,1
joetotheg,MemeEconomy,1
johnnyga001,memes,1
jstndrn,wholesomememes,1
justsome1fromearth,memes,1
jxnessa_,memes,1
k1n6jdt,memes,1
keenhydra93,memes,1
keetojm,AdviceAnimals,1
kerdon,dankmemes,1
kerrybom,memes,1
kevlarus80,wholesomememes,1
kill3rmonk,AdviceAnimals,1
killers_vanilla,dankmemes,1
kin20,memes,1
kmo0711,AdviceAnimals,1
knight_in_white,wholesomememes,1
kokokonus,wholesomememes,1
ladylucifer22,memes,1
lahwran_,memes,1
le0_667,MemeEconomy,2
leadraine,memes,1
leeleebum76,wholesomememes,3
lily_vibes,memes,1
link-navi,wholesomememes,1
lolslim,memes,2
lonely_man9696,AdviceAnimals,1
lordpoee,AdviceAnimals,1
luxafelicity,wholesomememes,1
m0h3k4n,AdviceAnimals,1
mAx_hEnnO,AdviceAnimals,1
madasfire,AdviceAnimals,1
maddyneedsmore,memes,1
madhattedmalice,memes,1
magnidwarf1900,memes,1
matiss00,memes,1
matiss00,wholesomememes,1
maximusprime2328,dankmemes,1
maxru85,memes,1
mbaa8,memes,1
mcknight92,memes,2
meticulous_marmot,AdviceAnimals,1
meyer63026,AdviceAnimals,1
miked_mv,AdviceAnimals,4
mikethecomic,wholesomememes,1
mischanif,AdviceAnimals,1
misterpickles69,AdviceAnimals,1
mitchconneur,MemeEconomy,1
mlm7C9,dankmemes,1
monet108,AdviceAnimals,1
monkeysknowledge,MemeEconomy,1
mowntandoo,memes,1
mrStiilYuGurl,dankmemes,1
murlock42,MemeEconomy,1
musicnote22,dankmemes,1
muterabbit84,wholesomememes,1
muzzle_wonder9,memes,1
mvms,wholesomememes,1
mycatisgrumpy,AdviceAnimals,1
myn3meisjo3,memes,1
mysoulishome,AdviceAnimals,1
n0mn0m_de_Guerre,AdviceAnimals,1
naveedkoval,memes,1
nemles_,memes,1
nerdmania,wholesomememes,1
nethermoria,memes,1
nickleby1,wholesomememes,1
nilamo,AdviceAnimals,1
nmann14,MemeEconomy,1
no_id_never,AdviceAnimals,1
nomnomyumyum109,AdviceAnimals,2
noncommonGoodsense,AdviceAnimals,1
noooooolikeusain,wholesomememes,1
nyggomaniac,memes,1
of_no_real_opinion,AdviceAnimals,1
ogodilovejudyalvarez,wholesomememes,1
oilman300,AdviceAnimals,1
omgwthwgfo,memes,1
onomastics88,AdviceAnimals,1
optimist_prhyme,memes,1
orangefreshy,AdviceAnimals,1
orion-root,wholesomememes,1
oviedofuntimes,AdviceAnimals,1
p0396,AdviceAnimals,1
painstarhappener,dankmemes,1
peaceandpawws,wholesomememes,1
penarhw,wholesomememes,1
pepperoni__________,memes,1
phuctard69,AdviceAnimals,1
plantgoblin,wholesomememes,1
platschbirne,memes,1
pman13531,dankmemes,1
pmcall221,AdviceAnimals,1
pomonamike,AdviceAnimals,1
popltree2,AdviceAnimals,1
pornelius6969,wholesomememes,1
pppppatrick,wholesomememes,1
praiseeeck22234,memes,1
prwnasus,MemeEconomy,1
psychoacer,AdviceAnimals,2
r21174,AdviceAnimals,1
raccoonbrigade,dankmemes,1
radpizzadadd,memes,1
raise-your-weapon,AdviceAnimals,1
randoguy8765,wholesomememes,1
realatemnot,wholesomememes,1
realultralord,memes,1
red224,AdviceAnimals,1
redditsucks365,memes,1
redtron3030,AdviceAnimals,1
relikter,AdviceAnimals,1
rlnrlnrln,wholesomememes,1
rolim91,AdviceAnimals,1
rotanitsarcorp_yzal1,wholesomememes,1
rousseaudanielle,wholesomememes,1
rubberducky_93,AdviceAnimals,1
runamukk,AdviceAnimals,1
s-mores,AdviceAnimals,1
sandozguineapig,AdviceAnimals,1
sankar_axi,MemeEconomy,1
sarah_awake,AdviceAnimals,1
sast,memes,1
satiricalspider,AdviceAnimals,1
sblahful,wholesomememes,1
scholarlysacrilege,wholesomememes,1
serious_dan,memes,1
shanebayer,AdviceAnimals,1
shaurcasm,wholesomememes,1
sheelikesyapping,dankmemes,1
sheelikesyapping,memes,5
sheth_curry,memes,1
shirodoeshitonreddit,wholesomememes,1
shrikaizerion,dankmemes,1
shroomlucky,memes,1
siderinc,AdviceAnimals,1
sinkdawg04,dankmemes,1
slamdanceswithwolves,AdviceAnimals,1
slaveformommy21,wholesomememes,1
slumblebee,memes,1
smashndashn,dankmemes,1
snowcamel,AdviceAnimals,1
soft_harbor,memes,2
solythe,wholesomememes,1
soundman18abz,wholesomememes,1
space_coyote_86,dankmemes,1
spicycupcakes-,wholesomememes,1
starless_90,memes,1
static-klingon,AdviceAnimals,1
sten45,AdviceAnimals,1
sten45,memes,1
stopslappingmybaby,memes,1
strivv,dankmemes,1
studionotfound,memes,1
su1cidal_fox,memes,1
sugarhai,wholesomememes,4
superteed,AdviceAnimals,1
sweetSweets4,dankmemes,1
sweetfellas,wholesomememes,5
syfiarcade,dankmemes,1
tecky1kanobe,AdviceAnimals,1
teejay_the_exhausted,wholesomememes,1
teenxwitchh,wholesomememes,1
terestentry,memes,1
teriyakininja7,AdviceAnimals,1
terminalxposure,AdviceAnimals,1
tharoadtrip,memes,1
that_doodleguy,wholesomememes,1
thatguyiswierd,dankmemes,1
the_calibre_cat,AdviceAnimals,1
the_d0nkey,AdviceAnimals,1
the_rush_dude,wholesomememes,1
thedopechi,dankmemes,1
thefiend1111,dankmemes,1
therealaaaazzzz,wholesomememes,1
thiros101,AdviceAnimals,1
thomasbunker,wholesomememes,1
thrownawaz092,memes,1
timberwolf0122,AdviceAnimals,1
time_drifter,AdviceAnimals,1
tinathefatlardgosh,AdviceAnimals,1
tmotytmoty,AdviceAnimals,1
trainwreckhappening,wholesomememes,1
trashghost367,wholesomememes,1
triscuitsrule,AdviceAnimals,1
trosckey,wholesomememes,1
trying_my_besttt,wholesomememes,1
tsiris,memes,1
tunisia3507,wholesomememes,1
tushitigre,memes,1
unserioustroller,dankmemes,1
unsolicited_flattery,wholesomememes,1
urbanek2525,AdviceAnimals,3
username-is-taken98,memes,1
valerryday,memes,1
vibinnthrivin5,wholesomememes,1
viewsinthe6,wholesomememes,1
vimalcha943,wholesomememes,1
violetta2025,memes,1
virus_chara,memes,1
vita10gy,AdviceAnimals,1
vjollila96,memes,1
volodymyroquai,memes,1
waifubeeter,memes,1
wakaluli,memes,1
watermelonkey,wholesomememes,1
we_hella_believe,AdviceAnimals,1
whepoalready_readdit,memes,1
whispering_rrose,memes,1
wkarraker,memes,1
wordswillneverhurtme,dankmemes,1
worldssmallestfan1,AdviceAnimals,1
wsdpii,dankmemes,1
wuhoh_,wholesomememes,1
xBerryCrystal,memes,1
xDaisyTease,memes,1
xPearlyFairy,memes,1
xXGiovanniStortiXx,wholesomememes,1
xo_sunset_nude,memes,1
xx-rhys_xx,memes,1
yellow-snowslide,AdviceAnimals,1
yo_mamaV,memes,1
ytirevyelsew,AdviceAnimals,1
zabique,memes,1
zapohancek,memes,1
zenka94,memes,1
zombienugget,AdviceAnimals,1
zukoandhonor,dankmemes,1
